"First.Name";"Last.Name";"Age";"Nat";"Team";"GP";"G";"A";"PTS";"PlusMinus";"Position1";"Salary"
"Spencer";"Abbott";28;"CAN";"CHI";1;0;0;0;0;"LW";575000
"Justin";"Abdelkader";29;"USA";"DET";64;7;14;21;-20;"LW";5500000
"Pontus";"Aberg";23;"SWE";"NSH";15;1;1;2;-2;"LW";842500
"Noel";"Acciari";25;"USA";"BOS";29;2;3;5;3;"C";892500
"Kenny";"Agostino";24;"USA";"STL";7;1;2;3;0;"LW";625000
"Sebastian";"Aho";19;"FIN";"CAR";82;24;25;49;-1;"RW";925000
"Karl";"Alzner";28;"CAN";"WSH";82;3;10;13;23;"D";2800000
"Josh";"Anderson";22;"CAN";"CBJ";78;17;12;29;12;"RW";700000
"Rasmus";"Andersson";20;"SWE";"CGY";1;0;0;0;-1;"D";742500
"Andy";"Andreoff";25;"CAN";"L.A";36;0;2;2;-2;"LW";600000
"Sven";"Andrighetto";23;"CHE";"COL/MTL";46;7;17;24;1;"RW";650000
"Artem";"Anisimov";28;"RUS";"CHI";64;22;23;45;9;"C";5750000
"Josh";"Archibald";24;"CAN";"PIT";10;3;0;3;3;"RW";667500
"Joel";"Armia";23;"FIN";"WPG";57;10;9;19;-8;"RW";875000
"Viktor";"Arvidsson";23;"SWE";"NSH";80;31;30;61;16;"LW";640000
"Andreas";"Athanasiou";22;"CAN";"DET";64;18;11;29;-7;"C";575000
"Cam";"Atkinson";27;"USA";"CBJ";82;35;27;62;13;"RW";3500000
"Brady";"Austin";23;"CAN";"BUF";5;0;0;0;0;"D";635000
"Yohann";"Auvitu";27;"FRA";"N.J";25;2;2;4;1;"D";792500
"David";"Backes";32;"USA";"BOS";74;17;21;38;2;"RW";8000000
"Mikael";"Backlund";27;"SWE";"CGY";81;22;31;53;9;"C";3575000
"Nicklas";"Backstrom";29;"SWE";"WSH";82;23;63;86;17;"C";7000000
"Sven";"Baertschi";24;"CHE";"VAN";68;18;17;35;-6;"LW";1700000
"Casey";"Bailey";25;"USA";"OTT";7;0;0;0;-1;"RW";874125
"Josh";"Bailey";27;"CAN";"NYI";82;13;43;56;5;"RW";3700000
"Justin";"Bailey";21;"USA";"BUF";32;2;2;4;0;"RW";692500
"Nicholas";"Baptiste";21;"CAN";"BUF";14;3;1;4;1;"RW";740000
"Ivan";"Barbashev";21;"RUS";"STL";30;5;7;12;5;"C";742500
"Riley";"Barber";22;"USA";"WSH";3;0;0;0;0;"RW";667500
"Mark";"Barberio";26;"CAN";"COL/MTL";60;2;11;13;-5;"D";800000
"Aleksander";"Barkov";21;"FIN";"FLA";61;21;31;52;13;"C";4500000
"Tyson";"Barrie";25;"CAN";"COL";74;7;31;38;-34;"D";5000000
"Matt";"Bartkowski";28;"USA";"CGY";24;1;1;2;-4;"D";575000
"Mathew";"Barzal";19;"CAN";"NYI";2;0;0;0;-2;"C";925000
"Cody";"Bass";29;"CAN";"NSH";9;0;0;0;-1;"C";575000
"Jay";"Beagle";31;"CAN";"WSH";81;13;17;30;20;"C";1750000
"Francois";"Beauchemin";36;"CAN";"COL";81;5;13;18;-14;"D";4500000
"Nathan";"Beaulieu";24;"CAN";"MTL";74;4;24;28;8;"D";1000000
"Anthony";"Beauvillier";19;"CAN";"NYI";66;9;15;24;1;"C";925000
"Taylor";"Beck";25;"CAN";"EDM/NYR";5;0;0;0;-3;"LW";650000
"Matt";"Beleskey";28;"CAN";"BOS";49;3;5;8;-10;"LW";4000000
"Pierre-Edouard";"Bellemare";31;"FRA";"PHI";82;4;4;8;-1;"LW";725000
"Jamie";"Benn";27;"CAN";"DAL";77;26;43;69;-9;"LW";5750000
"Jordie";"Benn";29;"CAN";"DAL/MTL";71;4;13;17;-4;"D";1100000
"Beau";"Bennett";25;"USA";"N.J";65;8;11;19;-3;"RW";725000
"Sam";"Bennett";20;"CAN";"CGY";81;13;13;26;-16;"C";925000
"Matthew";"Benning";22;"CAN";"EDM";62;3;12;15;8;"D";925000
"Patrice";"Bergeron";31;"CAN";"BOS";79;21;32;53;12;"C";8750000
"Patrik";"Berglund";28;"SWE";"STL";82;23;11;34;-7;"C";3700000
"Christoph";"Bertschy";22;"CHE";"MIN";5;0;1;1;0;"C";742500
"Tyler";"Bertuzzi";21;"CAN";"DET";7;0;0;0;-1;"LW";667500
"Bryan";"Bickell";30;"CAN";"CAR";11;1;0;1;-4;"LW";NA
"Alex";"Biega";28;"CAN";"VAN";36;0;3;3;-4;"D";700000
"Kevin";"Bieksa";35;"CAN";"ANA";81;3;11;14;0;"D";4000000
"Anthony";"Bitetto";26;"USA";"NSH";29;0;7;7;-1;"D";575000
"Oliver";"Bjorkstrand";21;"DNK";"CBJ";26;6;7;13;4;"RW";600000
"Nick";"Bjugstad";24;"USA";"FLA";54;7;7;14;-19;"C";3350000
"Joseph";"Blandisi";22;"CAN";"N.J";27;3;6;9;-10;"LW";715000
"Anton";"Blidh";21;"SWE";"BOS";19;1;1;2;-2;"LW";792500
"Mike";"Blunden";30;"CAN";"OTT";2;0;0;0;0;"RW";725000
"Mikkel";"Boedker";27;"DNK";"S.J";81;10;16;26;0;"LW";5200000
"Brock";"Boeser";19;"USA";"VAN";9;4;1;5;0;"RW";925000
"Zach";"Bogosian";26;"USA";"BUF";56;2;9;11;-17;"D";5250000
"Jared";"Boll";30;"USA";"ANA";51;0;3;3;-3;"RW";900000
"Nick";"Bonino";28;"USA";"PIT";80;18;19;37;-5;"C";2100000
"Mark";"Borowiecki";27;"CAN";"OTT";70;1;2;3;-3;"D";1100000
"Robert";"Bortuzzo";27;"CAN";"STL";38;1;3;4;11;"D";1050000
"Reid";"Boucher";23;"USA";"N.J/NSH/VAN";39;6;4;10;-6;"C";715000
"Lance";"Bouma";26;"CAN";"CGY";61;3;4;7;-2;"C";2200000
"Michael";"Bournival";24;"CAN";"T.B";19;2;1;3;-3;"LW";575000
"Gabriel";"Bourque";26;"CAN";"COL";6;0;0;0;0;"LW";800000
"Rene";"Bourque";35;"CAN";"COL";65;12;6;18;-19;"RW";650000
"Jay";"Bouwmeester";33;"CAN";"STL";81;1;14;15;6;"D";5600000
"Johnny";"Boychuk";32;"CAN";"NYI";66;6;17;23;11;"D";7000000
"Brian";"Boyle";32;"USA";"T.B/TOR";75;13;12;25;3;"C";2000000
"Tyler";"Bozak";30;"CAN";"TOR";78;18;37;55;-1;"C";4500000
"Derick";"Brassard";29;"CAN";"OTT";81;14;25;39;12;"C";5000000
"Justin";"Braun";29;"USA";"S.J";81;4;9;13;1;"D";3800000
"T.J.";"Brodie";26;"CAN";"CGY";82;6;30;36;-16;"D";4838000
"Jonas";"Brodin";23;"SWE";"MIN";68;3;22;25;5;"D";4000000
"Kyle";"Brodziak";32;"CAN";"STL";69;8;7;15;2;"C";1000000
"Jonny";"Brodzinski";23;"USA";"L.A";6;0;2;2;2;"C";925000
"Troy";"Brouwer";31;"CAN";"CGY";74;13;12;25;-11;"RW";4500000
"Connor";"Brown";22;"CAN";"TOR";82;20;16;36;3;"RW";650000
"Dustin";"Brown";32;"USA";"L.A";80;14;22;36;-4;"RW";7000000
"J.T.";"Brown";26;"USA";"T.B";64;3;3;6;-7;"RW";1250000
"Patrick";"Brown";24;"USA";"CAR";14;0;0;0;-6;"C";650000
"Pavel";"Buchnevich";21;"RUS";"NYR";41;8;12;20;6;"RW";925000
"Andre";"Burakovsky";21;"SWE";"WSH";64;12;23;35;13;"LW";832500
"Erik";"Burgdoerfer";28;"USA";"BUF";2;0;0;0;-1;"D";575000
"Alex";"Burmistrov";25;"RUS";"ARI/WPG";49;5;11;16;-7;"C";1600000
"Brent";"Burns";31;"CAN";"S.J";82;29;47;76;19;"D";5760000
"Alex";"Burrows";35;"CAN";"OTT/VAN";75;15;16;31;3;"LW";3000000
"Chris";"Butler";30;"USA";"STL";1;0;0;0;0;"D";600000
"Dustin";"Byfuglien";31;"USA";"WPG";80;13;39;52;10;"D";8000000
"Paul";"Byron";27;"CAN";"MTL";81;22;21;43;21;"LW";1300000
"Drake";"Caggiula";22;"CAN";"EDM";60;7;11;18;3;"LW";925000
"Mitch";"Callahan";25;"USA";"DET";4;0;0;0;0;"RW";600000
"Ryan";"Callahan";31;"USA";"T.B";18;2;2;4;-4;"RW";6500000
"Matt";"Calvert";27;"CAN";"CBJ";65;10;5;15;-4;"LW";2200000
"Mike";"Cammalleri";34;"CAN";"N.J";61;10;21;31;-9;"LW";5000000
"Brian";"Campbell";37;"CAN";"CHI";80;5;12;17;12;"D";1500000
"Patrick";"Cannone";30;"USA";"MIN";3;0;0;0;0;"C";600000
"Paul";"Carey";28;"USA";"WSH";6;0;0;0;-2;"C";575000
"Matt";"Carle";32;"USA";"NSH";6;0;1;1;-1;"D";NA
"Brandon";"Carlo";20;"USA";"BOS";82;6;10;16;9;"D";717500
"John";"Carlson";26;"USA";"WSH";72;9;28;37;7;"D";4000000
"Gabriel";"Carlsson";19;"SWE";"CBJ";2;0;1;1;-2;"D";925000
"Ryan";"Carpenter";25;"USA";"S.J";11;2;2;4;5;"C";600000
"Daniel";"Carr";25;"CAN";"MTL";33;2;7;9;4;"LW";725000
"Connor";"Carrick";22;"USA";"TOR";67;2;6;8;8;"D";650000
"Alex";"Carrier";20;"CAN";"NSH";2;0;0;0;1;"D";640000
"William";"Carrier";22;"CAN";"BUF";41;5;3;8;-1;"LW";650000
"Jeff";"Carter";31;"CAN";"L.A";82;32;34;66;2;"C";7000000
"Cody";"Ceci";23;"CAN";"OTT";79;2;15;17;-11;"D";2250000
"Peter";"Cehlarik";21;"SVK";"BOS";11;0;2;2;0;"LW";692500
"Thomas";"Chabot";19;"CAN";"OTT";1;0;0;0;-2;"D";925000
"Michael";"Chaput";24;"CAN";"VAN";68;4;5;9;-12;"C";600000
"Zdeno";"Chara";39;"SVK";"BOS";75;9;19;29;18;"D";5000000
"Ben";"Chiarot";25;"CAN";"WPG";59;2;10;12;2;"D";850000
"Alex";"Chiasson";26;"CAN";"CGY";81;12;12;24;-6;"RW";800000
"Jason";"Chimera";37;"CAN";"NYI";82;20;13;33;1;"LW";2000000
"Taylor";"Chorney";29;"USA";"WSH";18;1;4;5;8;"D";775000
"Jakob";"Chychrun";18;"USA";"ARI";68;7;13;20;-14;"D";925000
"Casey";"Cizikas";25;"CAN";"NYI";59;8;17;25;9;"C";2500000
"Fredrik";"Claesson";24;"SWE";"OTT";33;3;8;11;5;"D";700000
"Adam";"Clendening";24;"USA";"NYR";31;2;9;11;3;"D";600000
"Kyle";"Clifford";25;"CAN";"L.A";73;6;6;12;-2;"LW";1250000
"Cal";"Clutterbuck";29;"CAN";"NYI";66;5;15;20;2;"RW";3500000
"Braydon";"Coburn";31;"CAN";"T.B";80;5;7;12;-1;"D";3700000
"Andrew";"Cogliano";29;"CAN";"ANA";82;16;19;35;11;"LW";3100000
"Joe";"Colborne";26;"CAN";"COL";62;4;4;8;-21;"C";2500000
"Ian";"Cole";27;"USA";"PIT";81;5;21;26;26;"D";2300000
"Blake";"Coleman";25;"USA";"N.J";23;1;1;2;-7;"C";692500
"Blake";"Comeau";30;"CAN";"COL";77;8;12;20;-19;"LW";2400000
"J.T.";"Compher";21;"USA";"COL";21;3;2;5;0;"LW";925000
"Cory";"Conacher";27;"CAN";"T.B";11;1;3;4;0;"C";575000
"Erik";"Condra";30;"USA";"T.B";13;0;0;0;-4;"RW";1250000
"Kevin";"Connauton";26;"CAN";"ARI";24;0;1;1;-1;"D";950000
"Brett";"Connolly";24;"CAN";"WSH";66;15;8;23;20;"RW";850000
"Kyle";"Connor";20;"USA";"WPG";20;2;3;5;-7;"LW";925000
"Andrew";"Copp";22;"USA";"WPG";64;9;8;17;8;"C";925000
"Frank";"Corrado";23;"CAN";"PIT/TOR";4;0;0;0;-1;"D";600000
"Nick";"Cousins";23;"CAN";"PHI";60;6;10;16;-6;"C";840000
"Logan";"Couture";27;"CAN";"S.J";73;25;27;52;11;"C";6000000
"Sean";"Couturier";24;"CAN";"PHI";66;14;20;34;12;"C";3750000
"Charlie";"Coyle";24;"USA";"MIN";82;18;38;56;13;"C";2600000
"Adam";"Cracknell";31;"CAN";"DAL";69;10;6;16;9;"RW";600000
"Joseph";"Cramarossa";24;"CAN";"ANA/VAN";59;4;6;10;0;"C";724500
"Sidney";"Crosby";29;"CAN";"PIT";75;44;45;89;17;"C";10900000
"Lawson";"Crouse";19;"CAN";"ARI";72;5;7;12;-20;"LW";925000
"Matt";"Cullen";40;"USA";"PIT";72;13;18;31;4;"C";1000000
"Austin";"Czarnik";24;"USA";"BOS";49;5;8;13;-10;"C";842500
"Klas";"Dahlbeck";25;"SWE";"CAR";43;2;4;6;-12;"D";750000
"Trevor";"Daley";33;"CAN";"PIT";56;5;14;19;7;"D";2700000
"Zac";"Dalpe";27;"CAN";"MIN";9;1;2;3;0;"C";600000
"Phillip";"Danault";23;"CAN";"MTL";82;13;27;40;5;"LW";875000
"Marko";"Dano";22;"SVK";"WPG";38;4;7;11;0;"C";925000
"Laurent";"Dauphin";21;"CAN";"ARI";24;2;1;3;-2;"C";767500
"Brandon";"Davidson";25;"CAN";"EDM/MTL";38;0;3;3;-2;"D";1300000
"Calvin";"de Haan";25;"CAN";"NYI";82;5;20;25;15;"D";2900000
"Jacob";"De la Rose";21;"SWE";"MTL";9;0;0;0;-3;"LW";925000
"Jean-Sebastien";"Dea";22;"CAN";"PIT";1;0;0;0;0;"C";575000
"Anthony";"Deangelo";21;"USA";"ARI";39;5;9;14;-13;"D";925000
"Danny";"DeKeyser";26;"USA";"DET";82;4;8;12;-22;"D";4000000
"Michael";"Del Zotto";26;"CAN";"PHI";51;6;12;18;-5;"D";4000000
"Dylan";"Demelo";23;"CAN";"S.J";25;1;7;8;2;"D";600000
"Jason";"Demers";28;"CAN";"FLA";81;9;19;28;-14;"D";5500000
"David";"Desharnais";30;"CAN";"EDM/MTL";49;6;8;14;4;"C";3500000
"Andrew";"Desjardins";30;"CAN";"CHI";46;0;1;1;-6;"LW";800000
"Nicolas";"Deslauriers";25;"CAN";"BUF";42;0;2;2;-6;"LW";775000
"Simon";"Despres";25;"CAN";"ANA";1;0;0;0;0;"D";2600000
"Phillip";"Di Giuseppe";23;"CAN";"CAR";36;1;6;7;-12;"LW";867500
"Jason";"Dickinson";21;"CAN";"DAL";10;2;0;2;-3;"C";925000
"Chris";"Didomenico";27;"CAN";"OTT";3;0;0;0;0;"C";575000
"Brenden";"Dillon";26;"CAN";"S.J";81;2;8;10;-2;"D";2750000
"Shane";"Doan";40;"CAN";"ARI";74;6;21;27;-3;"RW";3876134
"Max";"Domi";21;"CAN";"ARI";59;9;29;38;-9;"LW";832500
"Joonas";"Donskoi";24;"FIN";"S.J";61;6;11;17;-5;"RW";925000
"Derek";"Dorsett";30;"CAN";"VAN";14;1;3;4;-6;"RW";2500000
"Jake";"Dotchin";22;"CAN";"T.B";35;0;11;11;10;"D";615000
"Drew";"Doughty";27;"CAN";"L.A";82;12;32;44;8;"D";7450000
"Nic";"Dowd";26;"USA";"L.A";70;6;16;22;-15;"C";630000
"Justin";"Dowling";26;"CAN";"DAL";9;0;2;2;0;"C";625000
"Leon";"Draisaitl";21;"DEU";"EDM";82;29;48;77;7;"C";925000
"Jonathan";"Drouin";21;"CAN";"T.B";73;21;32;53;-13;"LW";832500
"Brandon";"Dubinsky";30;"USA";"CBJ";80;12;29;41;16;"C";5850000
"Matt";"Duchene";25;"CAN";"COL";77;18;23;41;-34;"C";6000000
"Anthony";"Duclair";21;"CAN";"ARI";58;5;10;15;-7;"LW";832500
"Matt";"Dumba";22;"CAN";"MIN";76;11;23;34;15;"D";2350000
"Gabriel";"Dumont";26;"CAN";"T.B";39;2;2;4;1;"C";575000
"Brian";"Dumoulin";25;"USA";"PIT";70;1;14;15;0;"D";800000
"Christian";"Dvorak";20;"USA";"ARI";78;15;18;33;7;"C";792500
"Ryan";"Dzingel";24;"USA";"OTT";81;14;18;32;7;"LW";750000
"Cody";"Eakin";25;"CAN";"DAL";60;3;9;12;-7;"C";3850000
"Patrick";"Eaves";32;"USA";"ANA/DAL";79;32;19;51;-2;"RW";1000000
"Jordan";"Eberle";26;"CAN";"EDM";82;20;31;51;3;"RW";6000000
"Alex";"Edler";30;"SWE";"VAN";68;6;15;21;-20;"D";6000000
"Joel";"Edmundson";23;"CAN";"STL";69;3;12;15;11;"D";900000
"Nikolaj";"Ehlers";20;"DNK";"WPG";82;25;39;64;1;"LW";925000
"Jack";"Eichel";20;"USA";"BUF";61;24;33;57;-13;"C";925000
"Aaron";"Ekblad";20;"CAN";"FLA";68;10;11;21;-23;"D";925000
"Mattias";"Ekholm";26;"SWE";"NSH";82;3;20;23;4;"D";3000000
"Oliver";"Ekman-Larsson";25;"SWE";"ARI";79;12;27;39;-25;"D";6000000
"Remi";"Elie";21;"CAN";"DAL";18;1;6;7;5;"LW";767500
"Lars";"Eller";27;"DNK";"WSH";81;12;13;25;15;"C";4250000
"Ryan";"Ellis";25;"CAN";"NSH";71;16;22;38;17;"D";2500000
"Alexei";"Emelin";30;"RUS";"MTL";76;2;8;10;1;"D";4200000
"Deryk";"Engelland";34;"CAN";"CGY";81;4;12;16;2;"D";2750000
"Andreas";"Englund";20;"SWE";"OTT";5;0;0;0;-3;"D";742500
"Tyler";"Ennis";27;"CAN";"BUF";51;5;8;13;-10;"LW";3650000
"Tobias";"Enstrom";32;"SWE";"WPG";60;1;13;14;-7;"D";5750000
"Jonathan";"Ericsson";32;"SWE";"DET";51;1;8;9;-2;"D";4250000
"Loui";"Eriksson";31;"SWE";"VAN";65;11;13;24;-9;"LW";8000000
"Joel";"Eriksson Ek";19;"SWE";"MIN";15;3;4;7;1;"C";925000
"Adam";"Erne";21;"USA";"T.B";26;3;0;3;-9;"LW";925000
"Emerson";"Etem";24;"USA";"ANA";3;0;0;0;1;"LW";775000
"Robby";"Fabbri";20;"CAN";"STL";51;11;18;29;-16;"C";925000
"Radek";"Faksa";22;"CZE";"DAL";80;12;21;33;-6;"C";832500
"Justin";"Falk";28;"CAN";"BUF";52;0;8;8;-3;"D";650000
"Bobby";"Farnham";27;"USA";"MTL";3;0;0;0;0;"RW";575000
"Hudson";"Fasching";21;"USA";"BUF";10;0;1;1;-1;"RW";925000
"Jesper";"Fast";25;"SWE";"NYR";68;6;15;21;6;"RW";1000000
"Justin";"Faulk";24;"USA";"CAR";75;17;20;37;-18;"D";5500000
"Mark";"Fayne";29;"USA";"EDM";4;0;2;2;1;"D";3500000
"Taylor";"Fedun";28;"CAN";"BUF";27;0;7;7;3;"D";600000
"Eric";"Fehr";31;"CAN";"PIT/TOR";53;6;5;11;2;"C";2000000
"Micheal";"Ferland";24;"CAN";"CGY";76;15;10;25;-1;"LW";900000
"Kevin";"Fiala";20;"CHE";"NSH";54;11;5;16;1;"LW";925000
"Vernon";"Fiddler";36;"CAN";"N.J/NSH";59;2;2;4;-15;"C";1250000
"Valtteri";"Filppula";32;"FIN";"PHI/T.B";79;12;30;42;-1;"C";5000000
"Christian";"Fischer";19;"USA";"ARI";7;3;0;3;0;"RW";817500
"Mike";"Fisher";36;"CAN";"NSH";72;18;24;42;1;"C";4000000
"Brian";"Flynn";28;"USA";"MTL";51;6;4;10;2;"C";950000
"Marcus";"Foligno";25;"CAN";"BUF";80;13;10;23;-1;"LW";2250000
"Nick";"Foligno";29;"USA";"CBJ";79;26;25;51;-4;"LW";5500000
"Christian";"Folin";25;"SWE";"MIN";51;2;6;8;10;"D";850000
"Derek";"Forbort";24;"USA";"L.A";82;2;16;18;8;"D";650000
"Jakob";"Forsbacka Karlsson";20;"SWE";"BOS";1;0;0;0;0;"C";900000
"Filip";"Forsberg";22;"SWE";"NSH";82;31;27;58;-4;"LW";6000000
"Gustav";"Forsling";20;"SWE";"CHI";38;2;3;5;3;"D";767500
"Cam";"Fowler";25;"USA";"ANA";80;11;28;39;7;"D";4000000
"Cody";"Franson";29;"CAN";"BUF";68;3;16;19;-5;"D";2650000
"Martin";"Frk";23;"CZE";"CAR";2;0;0;0;-3;"RW";650000
"Byron";"Froese";25;"CAN";"T.B/TOR";6;0;0;0;-3;"C";575000
"Michael";"Frolik";28;"CZE";"CGY";82;17;27;44;13;"RW";5000000
"Marian";"Gaborik";34;"SVK";"L.A";56;10;11;21;-4;"RW";6075000
"Kurtis";"Gabriel";23;"CAN";"MIN";13;0;1;1;0;"RW";725000
"Sam";"Gagner";27;"CAN";"CBJ";81;18;32;50;10;"C";650000
"Alex";"Galchenyuk";22;"USA";"MTL";61;17;27;44;-5;"C";3100000
"Brendan";"Gallagher";24;"CAN";"MTL";64;10;19;29;7;"RW";4500000
"Ryan";"Garbutt";31;"CAN";"ANA";27;2;1;3;-3;"C";2000000
"Jake";"Gardiner";26;"USA";"TOR";82;9;34;43;24;"D";4050000
"Jason";"Garrison";32;"CAN";"T.B";70;1;8;9;-8;"D";3600000
"Tyler";"Gaudet";23;"CAN";"ARI";4;0;1;1;0;"C";874125
"Frederick";"Gaudreau";23;"CAN";"NSH";9;0;1;1;1;"C";595000
"Johnny";"Gaudreau";23;"USA";"CGY";72;18;43;61;-7;"LW";6750000
"Brendan";"Gaunce";22;"CAN";"VAN";57;0;5;5;-2;"C";832500
"Cameron";"Gaunce";26;"CAN";"PIT";12;1;3;4;1;"D";575000
"Frederik";"Gauthier";21;"CAN";"TOR";21;2;1;3;2;"C";832500
"Luke";"Gazdic";27;"CAN";"N.J";11;0;0;0;-2;"LW";700000
"Eric";"Gelinas";25;"CAN";"COL";27;0;1;1;-4;"D";1650000
"Ryan";"Getzlaf";31;"CAN";"ANA";74;15;58;73;7;"C";9250000
"Tom";"Gilbert";33;"USA";"L.A";18;1;4;5;-4;"D";1400000
"Brian";"Gionta";37;"USA";"BUF";82;15;20;35;-11;"RW";3250000
"Stephen";"Gionta";33;"USA";"NYI";26;1;5;6;9;"RW";575000
"Mark";"Giordano";33;"CAN";"CGY";81;12;27;39;22;"D";6750000
"Dan";"Girardi";32;"CAN";"NYR";63;4;11;15;8;"D";6000000
"Zemgus";"Girgensons";22;"LVA";"BUF";75;7;9;16;-7;"C";1150000
"Claude";"Giroux";28;"CAN";"PHI";82;14;44;58;-15;"C";9000000
"Tanner";"Glass";33;"CAN";"NYR";11;1;1;2;0;"LW";1000000
"Luke";"Glendening";27;"USA";"DET";74;3;11;14;-10;"C";675000
"Nikolay";"Goldobin";21;"RUS";"S.J/VAN";14;3;0;3;0;"RW";925000
"Alex";"Goligoski";31;"USA";"ARI";82;6;30;36;-9;"D";5375000
"Cody";"Goloubef";27;"CAN";"COL";33;0;5;5;-11;"D";800000
"Barclay";"Goodrow";23;"CAN";"S.J";3;0;1;1;0;"RW";635000
"Boyd";"Gordon";33;"CAN";"PHI";13;1;0;1;-5;"C";950000
"Josh";"Gorges";32;"CAN";"BUF";66;1;5;6;-3;"D";3900000
"Shayne";"Gostisbehere";23;"USA";"PHI";76;7;32;39;-21;"D";925000
"Yanni";"Gourde";25;"CAN";"T.B";20;6;2;8;-1;"C";575000
"Michael";"Grabner";29;"AUT";"NYR";76;27;13;40;22;"RW";1650000
"Petter";"Granberg";24;"SWE";"NSH";10;0;0;0;0;"D";575000
"Markus";"Granlund";23;"FIN";"VAN";69;19;13;32;-19;"C";850000
"Mikael";"Granlund";24;"FIN";"MIN";81;26;43;69;23;"C";3200000
"Derek";"Grant";26;"CAN";"BUF/NSH";46;0;4;4;-5;"C";650000
"Tyler";"Graovac";23;"CAN";"MIN";52;7;2;9;7;"C";600000
"Kevin";"Gravel";24;"USA";"L.A";49;1;6;7;3;"D";667500
"Mike";"Green";31;"CAN";"DET";72;14;22;36;-20;"D";6000000
"Andy";"Greene";34;"USA";"N.J";66;4;9;13;-16;"D";5000000
"Matt";"Greene";33;"USA";"L.A";26;1;1;2;3;"D";2500000
"A.J.";"Greer";20;"CAN";"COL";5;0;1;1;-2;"LW";725000
"Alex";"Grenier";25;"CAN";"VAN";3;0;0;0;-1;"RW";600000
"Seth";"Griffith";23;"CAN";"FLA/TOR";24;0;5;5;6;"C";625000
"Mikhail";"Grigorenko";22;"RUS";"COL";75;10;13;23;-14;"C";1300000
"Rocco";"Grimaldi";23;"USA";"COL";4;0;1;1;-3;"C";925000
"Nicklas";"Grossmann";31;"SWE";"CGY";3;0;0;0;-4;"D";NA
"Eric";"Gryba";28;"CAN";"EDM";40;2;4;6;-5;"D";950000
"Matt";"Grzelcyk";22;"USA";"BOS";2;0;0;0;0;"D";792500
"Radko";"Gudas";26;"CZE";"PHI";67;6;17;23;8;"D";4000000
"Erik";"Gudbranson";24;"CAN";"VAN";30;1;5;6;-14;"D";3500000
"Jake";"Guentzel";22;"USA";"PIT";40;16;17;33;7;"C";667500
"Brendan";"Guhle";19;"CAN";"BUF";3;0;0;0;1;"D";667500
"Carl";"Gunnarsson";30;"SWE";"STL";56;0;6;6;-5;"D";2900000
"Denis";"Gurianov";19;"RUS";"DAL";1;0;0;0;-1;"RW";NA
"Carl";"Hagelin";28;"SWE";"PIT";61;6;16;22;10;"LW";3667000
"Robert";"Hagg";21;"SWE";"PHI";1;0;0;0;0;"D";925000
"Ron";"Hainsey";35;"USA";"CAR/PIT";72;4;13;17;-8;"D";2500000
"Micheal";"Haley";30;"CAN";"S.J";58;2;10;12;6;"C";625000
"Taylor";"Hall";25;"CAN";"N.J";72;20;33;53;-9;"LW";6000000
"Dan";"Hamhuis";34;"CAN";"DAL";79;1;15;16;-7;"D";4500000
"Dougie";"Hamilton";23;"CAN";"CGY";81;13;37;50;12;"D";5500000
"Freddie";"Hamilton";24;"CAN";"CGY";26;2;0;2;-3;"C";575000
"Travis";"Hamonic";26;"CAN";"NYI";49;3;11;14;-21;"D";4875000
"Noah";"Hanifin";19;"USA";"CAR";81;4;25;29;-19;"D";925000
"Joel";"Hanley";25;"CAN";"MTL";7;0;0;0;-3;"D";600000
"Markus";"Hannikainen";23;"FIN";"CBJ";10;1;1;2;0;"LW";742500
"Jannik";"Hansen";30;"DNK";"S.J/VAN";43;8;12;20;2;"RW";3000000
"Martin";"Hanzal";29;"CZE";"ARI/MIN";71;20;19;39;-17;"C";3500000
"Shane";"Harper";27;"USA";"FLA";14;2;1;3;-1;"RW";650000
"Ben";"Harpur";21;"CAN";"OTT";6;0;0;0;-1;"D";655000
"Scott";"Harrington";23;"CAN";"CBJ";22;1;2;3;3;"D";632500
"Ryan";"Hartman";22;"USA";"CHI";76;19;12;31;13;"LW";832500
"Scott";"Hartnell";34;"CAN";"CBJ";78;13;24;37;14;"LW";5000000
"Garnet";"Hathaway";25;"USA";"CGY";26;1;4;5;0;"RW";722500
"Erik";"Haula";25;"FIN";"MIN";72;15;11;26;5;"C";1050000
"John";"Hayden";21;"USA";"CHI";12;1;3;4;3;"LW";925000
"Jimmy";"Hayes";27;"USA";"BOS";58;2;3;5;-3;"RW";2300000
"Kevin";"Hayes";24;"USA";"NYR";76;17;32;49;10;"C";2600000
"Victor";"Hedman";26;"SWE";"T.B";79;16;56;72;3;"D";4250000
"Tim";"Heed";25;"SWE";"S.J";1;0;0;0;0;"D";775000
"Danton";"Heinen";21;"CAN";"BOS";8;0;0;0;-3;"C";767500
"Seth";"Helgeson";26;"USA";"N.J";9;1;0;1;2;"D";600000
"Darren";"Helm";29;"CAN";"DET";50;8;9;17;-6;"C";5000000
"Ales";"Hemsky";33;"CZE";"DAL";15;4;3;7;-1;"RW";4000000
"Matt";"Hendricks";35;"USA";"EDM";42;4;3;7;-3;"LW";1850000
"Samuel";"Henley";23;"CAN";"COL";1;1;0;1;1;"C";590000
"Adam";"Henrique";26;"CAN";"N.J";82;20;20;40;-20;"C";4500000
"Tomas";"Hertl";23;"CZE";"S.J";49;10;12;22;-8;"C";2800000
"Thomas";"Hickey";27;"CAN";"NYI";76;4;16;20;-1;"D";2250000
"Vinnie";"Hinostroza";22;"USA";"CHI";49;6;8;14;-1;"LW";667500
"Niklas";"Hjalmarsson";29;"SWE";"CHI";73;5;13;18;12;"D";4100000
"Joshua";"Ho-Sang";20;"CAN";"NYI";21;4;6;10;1;"RW";925000
"Mike";"Hoffman";27;"CAN";"OTT";74;26;35;61;17;"LW";3800000
"Nick";"Holden";29;"CAN";"NYR";80;11;23;34;13;"D";1650000
"Peter";"Holland";25;"CAN";"ARI/TOR";48;5;7;12;-16;"C";1300000
"Korbinian";"Holzer";28;"DEU";"ANA";32;2;5;7;0;"D";700000
"Julius";"Honka";21;"FIN";"DAL";16;1;4;5;-4;"D";925000
"Patric";"Hornqvist";29;"SWE";"PIT";70;21;23;44;16;"RW";4750000
"Bo";"Horvat";21;"CAN";"VAN";81;20;32;52;-7;"C";832500
"Marian";"Hossa";37;"SVK";"CHI";73;26;19;45;7;"RW";4000000
"Quinton";"Howden";24;"CAN";"WPG";5;0;0;0;1;"C";650000
"Marek";"Hrivik";25;"SVK";"NYR";16;0;2;2;-3;"LW";600000
"Jonathan";"Huberdeau";23;"CAN";"FLA";31;10;16;26;-2;"LW";4000000
"Jiri";"Hudler";32;"CZE";"DAL";32;3;8;11;-3;"RW";2000000
"Charles";"Hudon";22;"CAN";"MTL";3;0;2;2;1;"LW";575000
"Brad";"Hunt";28;"CAN";"NSH/STL";12;1;5;6;-1;"D";600000
"Matt";"Hunwick";31;"USA";"TOR";72;1;18;19;8;"D";1200000
"Ben";"Hutton";23;"CAN";"VAN";71;5;14;19;-22;"D";925000
"Zach";"Hyman";24;"CAN";"TOR";82;10;18;28;2;"C";900000
"Jarome";"Iginla";39;"CAN";"COL/L.A";80;14;13;27;-30;"RW";5000000
"Matt";"Irwin";29;"CAN";"NSH";74;3;11;14;15;"D";575000
"Jaromir";"Jagr";44;"CZE";"FLA";82;16;30;46;2;"RW";4000000
"Mark";"Jankowski";22;"CAN";"CGY";1;0;0;0;0;"C";925000
"Calle";"Jarnkrok";25;"SWE";"NSH";81;15;16;31;-1;"C";1700000
"Dmitrij";"Jaskin";23;"CZE";"STL";51;1;10;11;5;"RW";1000000
"Boone";"Jenner";23;"CAN";"CBJ";82;18;16;34;14;"C";2900000
"Nick";"Jensen";26;"USA";"DET";49;4;9;13;-7;"D";600000
"Nicklas";"Jensen";23;"DNK";"NYR";7;0;0;0;-2;"RW";600000
"Ryan";"Johansen";24;"CAN";"NSH";82;14;47;61;1;"C";6000000
"Marcus";"Johansson";26;"SWE";"WSH";82;24;34;58;25;"LW";4250000
"Stephen";"Johns";24;"USA";"DAL";61;4;6;10;-10;"D";650000
"Erik";"Johnson";28;"USA";"COL";46;2;15;17;-6;"D";6000000
"Jack";"Johnson";29;"USA";"CBJ";82;5;18;23;23;"D";5000000
"Tyler";"Johnson";26;"USA";"T.B";66;19;26;45;-5;"C";4000000
"Ryan";"Johnston";24;"CAN";"MTL";7;0;0;0;-3;"D";692500
"Jussi";"Jokinen";33;"FIN";"FLA";69;11;17;28;-15;"LW";4000000
"Jyrki";"Jokipakka";25;"FIN";"CGY/OTT";41;1;5;6;-4;"D";900000
"Connor";"Jones";26;"CAN";"NYI";4;0;0;0;1;"C";575000
"Seth";"Jones";22;"USA";"CBJ";75;12;30;42;6;"D";5400000
"Josh";"Jooris";26;"CAN";"ARI/NYR";54;4;8;12;-2;"RW";600000
"Jacob";"Josefson";25;"SWE";"N.J";38;1;9;10;-1;"C";1100000
"Roman";"Josi";26;"CHE";"NSH";72;12;37;49;7;"D";4250000
"Tyson";"Jost";18;"CAN";"COL";6;1;0;1;-5;"C";900000
"Tomas";"Jurco";24;"SVK";"CHI/DET";29;1;0;1;-12;"LW";950000
"Nazem";"Kadri";26;"CAN";"TOR";82;32;29;61;-7;"C";5000000
"Sergey";"Kalinin";25;"RUS";"N.J";43;2;2;4;-14;"C";800000
"Vladislav";"Kamenev";20;"RUS";"NSH";2;0;0;0;-1;"LW";742500
"Steven";"Kampfer";28;"USA";"FLA/NYR";11;1;1;2;-2;"D";625000
"Evander";"Kane";25;"CAN";"BUF";70;28;15;43;-17;"LW";6000000
"Patrick";"Kane";28;"USA";"CHI";82;34;55;89;11;"RW";13800000
"Kasperi";"Kapanen";20;"FIN";"TOR";8;1;0;1;-2;"RW";925000
"Michael";"Kapla";22;"USA";"N.J";5;0;0;0;-1;"D";925000
"Erik";"Karlsson";26;"SWE";"OTT";77;17;54;71;10;"D";7000000
"Melker";"Karlsson";26;"SWE";"S.J";67;11;11;22;7;"C";1850000
"William";"Karlsson";23;"SWE";"CBJ";81;6;19;25;10;"C";1000000
"Ondrej";"Kase";21;"CZE";"ANA";53;5;10;15;-1;"RW";645000
"Zack";"Kassian";25;"CAN";"EDM";79;7;17;24;4;"RW";1500000
"Bracken";"Kearns";35;"CAN";"NYI";2;0;0;0;-1;"C";800000
"Duncan";"Keith";33;"CAN";"CHI";80;6;47;53;22;"D";6000000
"Clayton";"Keller";18;"USA";"ARI";3;0;2;2;-3;"C";900000
"Chris";"Kelly";36;"CAN";"OTT";82;5;7;12;-17;"C";900000
"Adrian";"Kempe";20;"SWE";"L.A";25;2;4;6;-3;"LW";925000
"Michal";"Kempny";26;"CZE";"CHI";50;2;6;8;1;"D";NA
"Nicolas";"Kerdiles";22;"USA";"ANA";1;0;0;0;1;"LW";925000
"Tanner";"Kero";24;"USA";"CHI";47;6;10;16;15;"C";667500
"Ryan";"Kesler";32;"USA";"ANA";82;22;36;58;8;"C";7875000
"Phil";"Kessel";29;"USA";"PIT";82;23;47;70;3;"RW";9000000
"Jujhar";"Khaira";22;"CAN";"EDM";10;1;0;1;1;"LW";832500
"Alex";"Killorn";27;"CAN";"T.B";81;19;17;36;-9;"LW";4450000
"Jakub";"Kindl";29;"CZE";"FLA";39;0;4;4;-11;"D";3000000
"Dwight";"King";27;"CAN";"L.A/MTL";80;9;7;16;-2;"LW";2100000
"Oscar";"Klefbom";23;"SWE";"EDM";82;12;26;38;7;"D";3000000
"Kevin";"Klein";32;"CAN";"NYR";60;3;11;14;5;"D";2750000
"John";"Klingberg";24;"SWE";"DAL";80;13;36;49;2;"D";2750000
"Slater";"Koekkoek";22;"CAN";"T.B";29;0;4;4;-4;"D";832500
"Mikko";"Koivu";33;"FIN";"MIN";80;18;40;58;27;"C";5400000
"Leo";"Komarov";29;"FIN";"TOR";82;14;18;32;6;"C";2950000
"Travis";"Konecny";19;"CAN";"PHI";70;11;17;28;-2;"C";925000
"Anze";"Kopitar";29;"SVN";"L.A";76;12;40;52;-10;"C";14000000
"Lauri";"Korpikoski";30;"FIN";"CBJ/DAL";69;8;12;20;5;"LW";1000000
"Kalle";"Kossila";23;"FIN";"ANA";1;0;0;0;0;"LW";925000
"Chris";"Kreider";25;"USA";"NYR";75;28;25;53;6;"LW";5000000
"David";"Krejci";30;"CZE";"BOS";82;23;31;54;-12;"C";7250000
"Niklas";"Kronwall";35;"SWE";"DET";57;2;11;13;-7;"D";5500000
"Torey";"Krug";25;"USA";"BOS";81;8;43;51;-10;"D";5000000
"Marcus";"Kruger";26;"SWE";"CHI";70;5;12;17;7;"C";3475000
"Nikita";"Kucherov";23;"RUS";"T.B";74;40;45;85;13;"RW";4250000
"Tom";"Kuhnhackl";24;"DEU";"PIT";57;4;12;16;8;"RW";590000
"Brett";"Kulak";22;"CAN";"CGY";21;0;3;3;-3;"D";680000
"Nikolay";"Kulemin";30;"RUS";"NYI";72;12;11;23;3;"LW";4250000
"Dmitry";"Kulikov";26;"RUS";"BUF";47;2;3;5;-26;"D";4500000
"Chris";"Kunitz";37;"CAN";"PIT";71;9;20;29;0;"LW";3550000
"Sean";"Kuraly";23;"USA";"BOS";8;0;1;1;-1;"C";692500
"Evgeny";"Kuznetsov";24;"RUS";"WSH";82;19;40;59;18;"C";3400000
"Kevin";"Labanc";21;"USA";"S.J";55;8;12;20;9;"RW";667500
"Joseph";"Labate";23;"USA";"VAN";13;0;0;0;-2;"C";680000
"Andrew";"Ladd";31;"CAN";"NYI";78;23;8;31;-14;"LW";8000000
"Paul";"Ladue";24;"USA";"L.A";22;0;8;8;-5;"D";925000
"Patrik";"Laine";18;"FIN";"WPG";73;36;28;64;7;"RW";925000
"Anton";"Lander";25;"SWE";"EDM";22;1;3;4;2;"C";1050000
"Gabriel";"Landeskog";24;"SWE";"COL";72;18;15;33;-25;"LW";5500000
"Nick";"Lappin";24;"USA";"N.J";43;4;3;7;-17;"RW";842500
"Dylan";"Larkin";20;"USA";"DET";80;17;15;32;-28;"C";925000
"Philip";"Larsen";27;"DNK";"VAN";26;1;5;6;-8;"D";1025000
"Adam";"Larsson";24;"SWE";"EDM";79;4;15;19;21;"D";3000000
"Jacob";"Larsson";19;"SWE";"ANA";4;0;0;0;-1;"D";925000
"Johan";"Larsson";24;"SWE";"BUF";36;6;5;11;-7;"C";950000
"Brian";"Lashoff";26;"USA";"DET";5;0;0;0;-3;"D";650000
"Scott";"Laughton";22;"CAN";"PHI";2;0;0;0;0;"C";832500
"Curtis";"Lazar";21;"CAN";"CGY/OTT";37;1;3;4;-8;"C";832500
"Nick";"Leddy";25;"USA";"NYI";81;11;35;46;-3;"D";4500000
"Anders";"Lee";26;"USA";"NYI";81;34;18;52;9;"LW";3500000
"Artturi";"Lehkonen";21;"FIN";"MTL";73;18;10;28;-1;"LW";667500
"Jori";"Lehtera";29;"FIN";"STL";64;7;15;22;-6;"C";4400000
"Taylor";"Leier";22;"CAN";"PHI";10;1;1;2;-1;"LW";768150
"Josh";"Leivo";23;"CAN";"TOR";13;2;8;10;2;"LW";575000
"Brett";"Lernout";21;"CAN";"MTL";2;0;0;0;-1;"D";660000
"Kris";"Letang";29;"CAN";"PIT";41;5;29;34;2;"D";7250000
"Mark";"Letestu";31;"CAN";"EDM";78;16;19;35;-2;"C";1800000
"Trevor";"Lewis";29;"USA";"L.A";82;12;12;24;-6;"C";2000000
"Mike";"Liambas";27;"CAN";"NSH";1;0;0;0;-1;"LW";575000
"John-Michael";"Liles";36;"USA";"BOS";36;0;5;5;1;"D";2000000
"Oscar";"Lindberg";25;"SWE";"NYR";65;8;12;20;2;"C";700000
"Petteri";"Lindbohm";23;"FIN";"STL";7;0;0;0;-4;"D";645000
"Esa";"Lindell";22;"FIN";"DAL";73;6;12;18;8;"D";802500
"Anton";"Lindholm";22;"SWE";"COL";12;0;0;0;-8;"D";667500
"Elias";"Lindholm";22;"SWE";"CAR";72;11;34;45;-2;"C";2500000
"Hampus";"Lindholm";22;"SWE";"ANA";66;6;14;20;13;"D";3000000
"Bryan";"Little";29;"CAN";"WPG";59;21;26;47;-7;"C";5000000
"Matt";"Lorito";26;"CAN";"DET";2;0;1;1;0;"LW";NA
"Ben";"Lovejoy";32;"USA";"N.J";82;1;6;7;-7;"D";2500000
"Adam";"Lowry";23;"USA";"WPG";82;15;14;29;1;"C";1000000
"Milan";"Lucic";28;"CAN";"EDM";82;23;27;50;-3;"LW";8000000
"Roman";"Lyubimov";24;"RUS";"PHI";47;4;2;6;-2;"LW";NA
"Olli";"Maatta";22;"FIN";"PIT";55;1;6;7;17;"D";4083300
"Clarke";"MacArthur";31;"CAN";"OTT";4;0;0;0;-1;"LW";4500000
"Andrew";"MacDonald";30;"CAN";"PHI";73;2;16;18;-5;"D";4750000
"Derek";"MacKenzie";35;"CAN";"FLA";82;6;10;16;-7;"C";1300000
"Nathan";"MacKinnon";21;"CAN";"COL";82;16;37;53;-14;"C";5000000
"Denis";"Malgin";19;"CHE";"FLA";47;6;4;10;-5;"C";640000
"Evgeni";"Malkin";30;"RUS";"PIT";62;33;39;72;18;"C";9500000
"Sean";"Malone";21;"USA";"BUF";1;0;0;0;0;"C";925000
"Brandon";"Manning";26;"CAN";"PHI";65;3;9;12;-12;"D";950000
"Josh";"Manson";25;"CAN";"ANA";82;5;12;17;14;"D";825000
"Anthony";"Mantha";22;"CAN";"DET";60;17;19;36;10;"RW";832500
"Brad";"Marchand";28;"CAN";"BOS";80;39;46;85;18;"LW";5000000
"Alexey";"Marchenko";24;"RUS";"DET/TOR";41;1;7;8;7;"D";1300000
"Jonathan";"Marchessault";26;"CAN";"FLA";75;30;21;51;-21;"C";750000
"Martin";"Marincin";24;"SVK";"TOR";25;1;6;7;3;"D";1200000
"Andrei";"Markov";38;"RUS";"MTL";62;6;30;36;18;"D";4250000
"Patrick";"Marleau";37;"CAN";"S.J";82;27;19;46;4;"LW";6500000
"Mitchell";"Marner";19;"CAN";"TOR";77;19;42;61;0;"C";925000
"Patrick";"Maroon";28;"USA";"EDM";81;27;15;42;13;"LW";2000000
"Matt";"Martin";27;"CAN";"TOR";82;5;4;9;0;"LW";3500000
"Paul";"Martin";35;"USA";"S.J";81;4;22;26;10;"D";5000000
"Alec";"Martinez";29;"USA";"L.A";82;9;30;39;-17;"D";3900000
"Jordan";"Martinook";24;"CAN";"ARI";77;11;14;25;-8;"LW";625000
"Andreas";"Martinsen";26;"NOR";"COL/MTL";64;3;4;7;-14;"LW";640000
"Michael";"Matheson";22;"CAN";"FLA";81;7;10;17;-5;"D";925000
"Auston";"Matthews";19;"USA";"TOR";82;40;29;69;2;"C";925000
"Shawn";"Matthias";28;"CAN";"WPG";45;8;4;12;0;"LW";2125000
"Scott";"Mayfield";24;"USA";"NYI";25;2;7;9;-1;"D";575000
"Jamie";"McBain";28;"USA";"ARI";3;0;0;0;-1;"D";650000
"Jake";"McCabe";23;"USA";"BUF";76;3;17;20;-7;"D";1250000
"Jared";"McCann";20;"CAN";"FLA";29;1;6;7;-1;"C";925000
"Michael";"McCarron";21;"USA";"MTL";31;1;4;5;-4;"RW";832500
"Jay";"McClement";33;"CAN";"CAR";65;5;3;8;-8;"C";1100000
"Max";"McCormick";24;"USA";"OTT";7;0;0;0;-3;"RW";650000
"Ian";"McCoshen";21;"USA";"FLA";3;0;1;1;0;"D";925000
"Connor";"McDavid";19;"CAN";"EDM";82;30;70;100;27;"C";925000
"Ryan";"McDonagh";27;"USA";"NYR";77;6;36;42;20;"D";5000000
"Colin";"McDonald";32;"USA";"PHI";3;1;0;1;1;"RW";625000
"Evan";"McEneny";22;"CAN";"VAN";1;0;0;0;-1;"D";575000
"Brock";"McGinn";22;"CAN";"CAR";57;7;9;16;-11;"LW";800000
"Jamie";"McGinn";28;"CAN";"ARI";72;9;8;17;-23;"LW";3000000
"Dylan";"McIlrath";24;"CAN";"FLA/NYR";6;1;0;1;-2;"D";800000
"Greg";"McKegg";24;"CAN";"FLA/T.B";46;3;4;7;-3;"C";700000
"Curtis";"McKenzie";25;"CAN";"DAL";53;6;10;16;5;"LW";700000
"Cody";"McLeod";32;"CAN";"COL/NSH";59;5;1;6;-3;"LW";1250000
"Brayden";"McNabb";25;"CAN";"L.A";49;2;2;4;1;"D";1600000
"Mark";"McNeill";23;"CAN";"DAL";1;0;0;0;-1;"C";600000
"Adam";"Mcquaid";30;"CAN";"BOS";77;2;8;10;4;"D";3000000
"Wade";"Megan";26;"USA";"STL";3;1;0;1;1;"C";NA
"Jaycob";"Megna";24;"USA";"ANA";1;0;0;0;1;"D";925000
"Jayson";"Megna";26;"USA";"VAN";58;4;4;8;-4;"C";600000
"Timo";"Meier";20;"CHE";"S.J";34;3;3;6;1;"RW";925000
"Julian";"Melchiori";25;"CAN";"WPG";18;0;2;2;0;"D";600000
"Jon";"Merrill";24;"USA";"N.J";51;1;5;6;-9;"D";1000000
"Marc";"Methot";31;"CAN";"OTT";68;0;12;12;13;"D";4900000
"Milan";"Michalek";32;"CZE";"TOR";5;1;1;2;-2;"LW";4000000
"Zbynek";"Michalek";34;"CZE";"ARI";3;0;0;0;1;"D";3200000
"Sonny";"Milano";20;"USA";"CBJ";4;0;0;0;-3;"LW";925000
"Colin";"Miller";24;"CAN";"BOS";61;6;7;13;0;"D";900000
"Drew";"Miller";32;"USA";"DET";55;5;2;7;-12;"LW";1025000
"J.T.";"Miller";23;"USA";"NYR";82;22;34;56;17;"LW";2750000
"Kevan";"Miller";29;"USA";"BOS";58;3;10;13;1;"D";2500000
"Garrett";"Mitchell";25;"CAN";"WSH";1;0;0;0;0;"RW";600000
"John";"Mitchell";31;"CAN";"COL";65;3;4;7;-12;"C";1900000
"Torrey";"Mitchell";31;"CAN";"MTL";78;8;9;17;5;"C";1300000
"Zack";"Mitchell";23;"CAN";"MIN";11;0;0;0;-1;"RW";640000
"Griffen";"Molino";22;"USA";"VAN";5;0;0;0;-2;"C";925000
"Sean";"Monahan";22;"CAN";"CGY";82;27;31;58;-1;"C";6500000
"Brandon";"Montour";22;"CAN";"ANA";27;2;4;6;11;"D";925000
"Dominic";"Moore";36;"CAN";"BOS";82;11;14;25;2;"C";900000
"John";"Moore";26;"USA";"N.J";63;12;10;22;-7;"D";1750000
"Samuel";"Morin";21;"CAN";"PHI";1;0;0;0;0;"D";832500
"Josh";"Morrissey";21;"CAN";"WPG";82;6;14;20;6;"D";832500
"Joe";"Morrow";24;"CAN";"BOS";17;0;1;1;-4;"D";800000
"Tyler";"Motte";21;"USA";"CHI";33;4;3;7;2;"LW";925000
"Matt";"Moulson";33;"CAN";"BUF";81;14;18;32;-4;"LW";5000000
"Mirco";"Mueller";21;"CHE";"S.J";4;1;1;2;2;"D";832500
"Connor";"Murphy";23;"USA";"ARI";77;2;15;17;-13;"D";2400000
"Ryan";"Murphy";23;"CAN";"CAR";27;0;2;2;-11;"D";750000
"Ryan";"Murray";23;"CAN";"CBJ";60;2;9;11;3;"D";2825000
"Jake";"Muzzin";27;"CAN";"L.A";82;9;19;28;-21;"D";4000000
"Tyler";"Myers";26;"CAN";"WPG";11;2;3;5;5;"D";4000000
"Jakub";"Nakladal";29;"CZE";"CAR";3;0;0;0;-4;"D";NA
"Vladislav";"Namestnikov";24;"RUS";"T.B";74;10;18;28;-4;"C";1900000
"Rick";"Nash";32;"CAN";"NYR";67;23;15;38;9;"RW";8000000
"Riley";"Nash";27;"CAN";"BOS";81;7;10;17;-1;"C";900000
"James";"Neal";29;"CAN";"NSH";70;23;18;41;-10;"RW";5000000
"Chris";"Neil";37;"CAN";"OTT";53;1;3;4;-11;"RW";1500000
"Brock";"Nelson";25;"USA";"NYI";81;20;25;45;-6;"C";2500000
"Casey";"Nelson";24;"USA";"BUF";11;0;0;0;-3;"D";650000
"Patrik";"Nemeth";24;"SWE";"DAL";40;0;3;3;-4;"D";900000
"Aaron";"Ness";26;"USA";"WSH";2;0;0;0;-1;"D";575000
"Nikita";"Nesterov";23;"RUS";"MTL/T.B";48;4;13;17;0;"D";725000
"Andrej";"Nestrasil";25;"CZE";"CAR";19;1;4;5;-3;"C";950000
"Nino";"Niederreiter";24;"CHE";"MIN";82;25;32;57;17;"RW";3500000
"Frans";"Nielsen";32;"DNK";"DET";79;17;24;41;-19;"C";6000000
"Matt";"Nieto";24;"USA";"COL/S.J";59;7;6;13;-12;"LW";735000
"Cristoval";"Nieves";22;"USA";"NYR";1;0;0;0;-1;"C";742500
"Matt";"Niskanen";30;"USA";"WSH";78;5;34;39;20;"D";5750000
"Stefan";"Noesen";23;"USA";"ANA/N.J";44;8;2;10;6;"RW";600000
"Nelson";"Nogier";20;"CAN";"WPG";10;0;0;0;-1;"D";650000
"Jordan";"Nolan";27;"CAN";"L.A";46;4;4;8;-3;"C";1000000
"Joakim";"Nordstrom";24;"SWE";"CAR";82;7;5;12;-12;"LW";1250000
"Tomas";"Nosek";24;"CZE";"DET";11;1;0;1;-1;"LW";575000
"Ryan";"Nugent-Hopkins";23;"CAN";"EDM";82;18;25;43;-10;"C";6000000
"Darnell";"Nurse";21;"CAN";"EDM";44;5;6;11;0;"D";832500
"Markus";"Nutivaara";22;"FIN";"CBJ";66;2;5;7;7;"D";792500
"Alex";"Nylander";18;"CAN";"BUF";4;0;1;1;-2;"RW";925000
"William";"Nylander";20;"SWE";"TOR";81;22;39;61;-3;"C";925000
"Gustav";"Nyquist";27;"SWE";"DET";76;12;36;48;0;"RW";4250000
"Liam";"O'Brien";22;"CAN";"WSH";1;0;0;0;0;"C";630000
"Rob";"O'Gara";23;"USA";"BOS";3;0;0;0;1;"D";925000
"Daniel";"O'Regan";22;"USA";"S.J";3;1;0;1;-2;"C";792500
"Cal";"O'Reilly";30;"CAN";"BUF";11;0;1;1;-6;"C";700000
"Ryan";"O'Reilly";25;"CAN";"BUF";72;20;35;55;-1;"C";11000000
"Johnny";"Oduya";35;"SWE";"CHI/DAL";52;2;7;9;-4;"D";3750000
"Jordan";"Oesterle";24;"USA";"EDM";2;0;0;0;-1;"D";585000
"Kyle";"Okposo";28;"USA";"BUF";65;19;26;45;-7;"RW";8000000
"Jamie";"Oleksiak";24;"CAN";"DAL";41;5;2;7;-4;"D";918750
"Steve";"Oleksy";30;"USA";"PIT";11;0;1;1;2;"D";575000
"Gustav";"Olofsson";22;"SWE";"MIN";13;0;3;3;-1;"D";925000
"Dmitry";"Orlov";25;"RUS";"WSH";82;6;27;33;30;"D";2570000
"Brooks";"Orpik";36;"USA";"WSH";79;0;14;14;32;"D";5500000
"T.J.";"Oshie";30;"USA";"WSH";68;33;23;56;28;"RW";4500000
"Steve";"Ott";34;"CAN";"DET/MTL";53;3;4;7;-8;"C";800000
"Xavier";"Ouellet";23;"FRA";"DET";66;3;9;12;2;"D";715000
"Alex";"Ovechkin";31;"RUS";"WSH";82;33;36;69;6;"LW";10000000
"Magnus";"Paajarvi";25;"SWE";"STL";32;8;5;13;9;"LW";700000
"Max";"Pacioretty";28;"USA";"MTL";81;35;32;67;15;"LW";5000000
"Jean-Gabriel";"Pageau";24;"CAN";"OTT";82;12;21;33;13;"C";1100000
"Iiro";"Pakarinen";25;"FIN";"EDM";14;2;2;4;2;"RW";725000
"Ondrej";"Palat";25;"CZE";"T.B";75;17;35;52;8;"LW";4000000
"Kyle";"Palmieri";25;"USA";"N.J";80;26;27;53;2;"RW";4500000
"Artemi";"Panarin";25;"RUS";"CHI";82;31;43;74;18;"LW";925000
"Richard";"Panik";25;"SVK";"CHI";82;22;22;44;14;"RW";875000
"Cedric";"Paquette";23;"CAN";"T.B";58;4;6;10;-6;"C";800000
"Colton";"Parayko";23;"CAN";"STL";81;4;31;35;7;"D";925000
"Adam";"Pardy";32;"CAN";"NSH";4;0;0;0;-1;"D";575000
"PA";"Parenteau";33;"CAN";"N.J/NSH";67;13;15;28;-18;"RW";1250000
"Zach";"Parise";32;"USA";"MIN";69;19;23;42;-3;"LW";9000000
"David";"Pastrnak";20;"CZE";"BOS";75;34;36;70;11;"RW";925000
"Greg";"Pateryn";26;"USA";"DAL/MTL";36;1;8;9;-1;"D";750000
"Nick";"Paul";21;"CAN";"OTT";1;0;0;0;-2;"LW";692500
"Joe";"Pavelski";32;"USA";"S.J";81;29;39;68;11;"C";6000000
"Tanner";"Pearson";24;"CAN";"L.A";80;24;20;44;5;"LW";1550000
"Matthew";"Peca";23;"CAN";"T.B";10;1;1;2;-3;"C";925000
"Adam";"Pelech";22;"CAN";"NYI";44;3;7;10;-5;"D";925000
"Brendan";"Perlini";20;"GBR";"ARI";57;14;7;21;-4;"LW";925000
"Mathieu";"Perreault";28;"CAN";"WPG";65;13;32;45;-11;"C";3000000
"David";"Perron";28;"CAN";"STL";82;18;28;46;-2;"LW";3750000
"Corey";"Perry";31;"CAN";"ANA";82;19;34;53;2;"RW";10000000
"Brett";"Pesce";22;"USA";"CAR";82;2;18;20;23;"D";792500
"Nic";"Petan";21;"CAN";"WPG";54;1;12;13;-13;"LW";750000
"Alex";"Petrovic";24;"CAN";"FLA";49;1;13;14;-1;"D";1200000
"Jeff";"Petry";29;"USA";"MTL";80;8;20;28;3;"D";7000000
"Dion";"Phaneuf";31;"CAN";"OTT";81;9;21;30;-6;"D";7500000
"Blake";"Pietila";23;"USA";"N.J";10;0;1;1;-5;"LW";675000
"Alex";"Pietrangelo";26;"CAN";"STL";80;14;34;48;3;"D";7000000
"Brandon";"Pirri";25;"CAN";"NYR";60;8;10;18;-8;"RW";1100000
"Tyler";"Pitlick";25;"USA";"EDM";31;8;3;11;0;"RW";725000
"Tomas";"Plekanec";34;"CZE";"MTL";78;10;18;28;10;"C";7000000
"Brayden";"Point";20;"CAN";"T.B";68;18;22;40;4;"C";667500
"Roman";"Polak";30;"CZE";"TOR";75;4;7;11;10;"D";2250000
"Jason";"Pominville";34;"USA";"MIN";78;13;34;47;2;"RW";6250000
"Kevin";"Porter";30;"USA";"PIT";2;0;0;0;-1;"C";575000
"Paul";"Postma";27;"CAN";"WPG";65;1;13;14;3;"D";925000
"Andrew";"Poturalski";22;"USA";"CAR";2;0;0;0;-3;"C";792500
"Benoit";"Pouliot";30;"CAN";"EDM";67;8;6;14;-5;"LW";4000000
"Derrick";"Pouliot";22;"CAN";"PIT";11;0;0;0;-4;"D";832500
"Shane";"Prince";24;"USA";"NYI";50;5;13;18;-9;"LW";800000
"Nate";"Prosser";30;"USA";"MIN";39;2;5;7;0;"D";650000
"Dalton";"Prout";26;"CAN";"CBJ/N.J";29;0;6;6;-1;"D";1250000
"Ivan";"Provorov";19;"RUS";"PHI";82;6;24;30;-7;"D";925000
"Matt";"Puempel";23;"CAN";"NYR/OTT";40;6;3;9;-11;"LW";900000
"Jesse";"Puljujarvi";18;"FIN";"EDM";28;1;7;8;5;"RW";925000
"Teemu";"Pulkkinen";24;"FIN";"ARI/MIN";13;2;0;2;-2;"LW";812500
"Ryan";"Pulock";22;"CAN";"NYI";1;0;0;0;1;"D";832500
"Teddy";"Purcell";31;"CAN";"L.A";12;0;2;2;0;"LW";1600000
"Tom";"Pyatt";29;"CAN";"OTT";82;9;14;23;9;"LW";800000
"Mark";"Pysyk";24;"CAN";"FLA";82;4;13;17;0;"D";1250000
"John";"Quenneville";20;"CAN";"N.J";12;1;3;4;1;"C";842500
"Kyle";"Quincey";31;"CAN";"CBJ/N.J";73;6;9;15;4;"D";1250000
"Alan";"Quine";23;"CAN";"NYI";61;5;13;18;-2;"C";575000
"Alex";"Radulov";30;"RUS";"MTL";76;18;36;54;10;"RW";5750000
"Michael";"Raffl";28;"AUT";"PHI";52;8;3;11;-7;"LW";2350000
"Rickard";"Rakell";23;"SWE";"ANA";71;33;18;51;10;"C";3800000
"Mikko";"Rantanen";20;"FIN";"COL";75;20;18;38;-25;"RW";925000
"Victor";"Rask";23;"SWE";"CAR";82;16;29;45;-10;"C";4000000
"Dennis";"Rasmussen";26;"SWE";"CHI";68;4;4;8;-4;"C";575000
"Ty";"Rattie";23;"CAN";"CAR/STL";9;0;2;2;-2;"RW";650000
"Kyle";"Rau";24;"USA";"FLA";24;2;1;3;-3;"C";925000
"Mason";"Raymond";31;"CAN";"ANA";4;0;0;0;-2;"LW";NA
"Matt";"Read";30;"CAN";"PHI";63;10;9;19;3;"RW";4000000
"Ryan";"Reaves";29;"CAN";"STL";80;7;6;13;4;"RW";1125000
"Zach";"Redmond";28;"USA";"MTL";16;0;5;5;6;"D";575000
"Mike";"Reilly";23;"USA";"MIN";17;1;0;1;1;"D";925000
"Sam";"Reinhart";21;"CAN";"BUF";79;17;30;47;-11;"C";925000
"Borna";"Rendulic";24;"HRV";"VAN";1;0;0;0;0;"RW";575000
"Dan";"Renouf";22;"CAN";"DET";1;0;0;0;0;"D";692500
"Mike";"Ribeiro";36;"CAN";"NSH";46;4;21;25;-5;"C";3500000
"Tanner";"Richard";23;"CAN";"T.B";3;0;0;0;-2;"C";575000
"Brad";"Richardson";31;"CAN";"ARI";16;5;4;9;-1;"RW";2250000
"Tobias";"Rieder";23;"DEU";"ARI";80;16;18;34;-8;"RW";2000000
"Morgan";"Rielly";22;"CAN";"TOR";76;6;21;27;-20;"D";5000000
"Rasmus";"Ristolainen";22;"FIN";"BUF";79;6;39;45;-9;"D";5400000
"Brett";"Ritchie";23;"CAN";"DAL";78;16;8;24;11;"RW";875000
"Nick";"Ritchie";21;"CAN";"ANA";77;14;14;28;4;"LW";925000
"Buddy";"Robinson";25;"USA";"OTT";4;0;0;0;0;"RW";750000
"Anton";"Rodin";26;"SWE";"VAN";3;0;1;1;1;"RW";950000
"Evan";"Rodrigues";23;"CAN";"BUF";30;4;2;6;-7;"LW";842500
"Kevin";"Rooney";23;"USA";"N.J";4;0;0;0;-3;"C";625000
"Jack";"Roslovic";19;"USA";"WPG";1;0;0;0;-1;"C";NA
"Antoine";"Roussel";27;"FRA";"DAL";60;12;15;27;1;"LW";2200000
"Carter";"Rowney";27;"CAN";"PIT";27;3;4;7;2;"RW";575000
"Michal";"Rozsival";38;"CZE";"CHI";22;1;2;3;-3;"D";600000
"Chad";"Ruhwedel";26;"USA";"PIT";34;2;8;10;9;"D";575000
"Kris";"Russell";29;"CAN";"EDM";68;1;12;13;5;"D";3100000
"Robbie";"Russo";23;"USA";"DET";19;0;0;0;2;"D";692500
"Bryan";"Rust";24;"USA";"PIT";57;15;13;28;4;"RW";620000
"Bobby";"Ryan";29;"USA";"OTT";62;13;12;25;-3;"RW";7000000
"Derek";"Ryan";30;"USA";"CAR";67;11;18;29;-8;"C";600000
"Brandon";"Saad";24;"USA";"CBJ";82;24;29;53;23;"LW";5750000
"Miikka";"Salomaki";23;"FIN";"NSH";5;0;0;0;-1;"RW";575000
"Zach";"Sanford";22;"USA";"STL/WSH";39;4;4;8;2;"LW";875000
"Steven";"Santini";21;"USA";"N.J";38;2;5;7;-6;"D";925000
"David";"Savard";26;"CAN";"CBJ";74;6;17;23;33;"D";3500000
"Luca";"Sbisa";26;"CHE";"VAN";82;2;11;13;-1;"D";3600000
"Marco";"Scandella";26;"CAN";"MIN";71;4;9;13;-2;"D";3750000
"Colton";"Sceviour";27;"CAN";"FLA";80;9;15;24;-16;"C";950000
"Tim";"Schaller";26;"USA";"BOS";59;7;7;14;-6;"C";600000
"Mark";"Scheifele";23;"CAN";"WPG";79;32;50;82;18;"C";5000000
"Brayden";"Schenn";25;"CAN";"PHI";79;25;30;55;-13;"C";6000000
"Luke";"Schenn";27;"CAN";"ARI";78;1;7;8;-9;"D";1000000
"Nikita";"Scherbak";21;"RUS";"MTL";3;1;0;1;1;"RW";925000
"David";"Schlemko";29;"CAN";"S.J";62;2;16;18;4;"D";2500000
"Jordan";"Schmaltz";23;"USA";"STL";9;0;2;2;0;"D";925000
"Nick";"Schmaltz";20;"USA";"CHI";61;6;22;28;10;"C";925000
"Nate";"Schmidt";25;"USA";"WSH";60;3;14;17;22;"D";875000
"Cole";"Schneider";26;"USA";"BUF";4;0;1;1;2;"LW";600000
"Jordan";"Schroeder";26;"USA";"MIN";37;6;7;13;5;"C";650000
"Justin";"Schultz";26;"CAN";"PIT";78;12;39;51;27;"D";1400000
"Nick";"Schultz";34;"CAN";"PHI";28;0;4;4;1;"D";2250000
"Jaden";"Schwartz";24;"CAN";"STL";78;19;36;55;14;"LW";5250000
"Brent";"Seabrook";31;"CAN";"CHI";79;3;36;39;5;"D";9000000
"Daniel";"Sedin";36;"SWE";"VAN";82;15;29;44;-16;"LW";7000000
"Henrik";"Sedin";36;"SWE";"VAN";82;15;35;50;-27;"C";7000000
"Lukas";"Sedlak";23;"CZE";"CBJ";62;7;6;13;10;"C";600000
"Tyler";"Seguin";24;"CAN";"DAL";82;26;46;72;-15;"C";6000000
"Dennis";"Seidenberg";35;"DEU";"NYI";73;5;17;22;25;"D";1000000
"Andrej";"Sekera";30;"SVK";"EDM";80;8;27;35;14;"D";6500000
"Mikhail";"Sergachev";18;"RUS";"MTL";4;0;0;0;1;"D";925000
"Tom";"Sestito";29;"USA";"PIT";13;0;2;2;0;"LW";575000
"Devin";"Setoguchi";29;"CAN";"L.A";45;4;8;12;-5;"RW";575000
"Damon";"Severson";22;"CAN";"N.J";80;3;28;31;-31;"D";600000
"Michael";"Sgarbossa";24;"CAN";"ANA/FLA";38;2;7;9;-5;"C";600000
"Patrick";"Sharp";35;"CAN";"DAL";48;8;10;18;-22;"LW";5000000
"Kevin";"Shattenkirk";27;"USA";"STL/WSH";80;13;43;56;-7;"D";5200000
"Andrew";"Shaw";25;"CAN";"MTL";68;12;17;29;4;"C";5500000
"Logan";"Shaw";24;"CAN";"ANA";55;3;7;10;3;"C";660000
"Riley";"Sheahan";25;"CAN";"DET";80;2;11;13;-29;"C";2075000
"Conor";"Sheary";24;"USA";"PIT";61;23;30;53;24;"LW";667500
"Hunter";"Shinkaruk";22;"CAN";"CGY";7;0;1;1;-3;"C";832500
"Devin";"Shore";22;"CAN";"DAL";82;13;20;33;-4;"C";867500
"Drew";"Shore";25;"USA";"VAN";14;0;2;2;-3;"C";600000
"Nick";"Shore";24;"USA";"L.A";70;6;11;17;-2;"C";600000
"Duncan";"Siemens";23;"CAN";"COL";3;0;0;0;-2;"D";874125
"Jakob";"Silfverberg";26;"SWE";"ANA";79;23;26;49;10;"RW";3000000
"Wayne";"Simmonds";28;"CAN";"PHI";82;31;23;54;-18;"RW";4300000
"Dominik";"Simon";22;"CZE";"PIT";2;0;1;1;-1;"C";667500
"Dillon";"Simpson";23;"CAN";"EDM";3;0;0;0;0;"D";925000
"Colton";"Sissons";23;"CAN";"NSH";58;8;2;10;11;"C";575000
"Jack";"Skille";29;"USA";"VAN";55;5;4;9;0;"RW";700000
"Jeff";"Skinner";24;"CAN";"CAR";79;37;26;63;-3;"LW";6000000
"Brady";"Skjei";22;"USA";"NYR";80;5;34;39;11;"D";925000
"Jaccob";"Slavin";22;"USA";"CAR";82;5;29;34;23;"D";742500
"Anton";"Slepyshev";22;"RUS";"EDM";41;4;6;10;5;"LW";925000
"Ben";"Smith";28;"USA";"COL/TOR";40;2;2;4;-7;"RW";675000
"Brendan";"Smith";27;"CAN";"DET/NYR";51;3;6;9;1;"D";3250000
"C.J.";"Smith";22;"USA";"BUF";2;0;1;1;-1;"LW";NA
"Craig";"Smith";27;"USA";"NSH";78;12;17;29;7;"RW";4000000
"Gemel";"Smith";22;"CAN";"DAL";17;3;3;6;-1;"C";670000
"Reilly";"Smith";25;"CAN";"FLA";80;15;22;37;-13;"RW";3500000
"Trevor";"Smith";31;"CAN";"NSH";1;0;0;0;0;"C";575000
"Zack";"Smith";28;"CAN";"OTT";74;16;16;32;6;"C";2350000
"Devante";"Smith-Pelly";24;"CAN";"N.J";53;4;5;9;-19;"RW";1250000
"Vladimir";"Sobotka";29;"CZE";"STL";1;1;0;1;0;"LW";2725000
"Carl";"Soderberg";31;"SWE";"COL";80;6;8;14;-26;"C";4750000
"Marcus";"Sorensen";24;"SWE";"S.J";19;1;3;4;-1;"RW";NA
"Nick";"Sorensen";22;"DNK";"ANA";5;0;1;1;-1;"RW";925000
"Nikita";"Soshnikov";23;"RUS";"TOR";56;5;4;9;1;"RW";742500
"Blake";"Speers";19;"CAN";"N.J";3;0;0;0;0;"C";667500
"Jason";"Spezza";33;"CAN";"DAL";68;15;35;50;-18;"C";7500000
"Ryan";"Spooner";24;"CAN";"BOS";78;12;28;39;-8;"C";1100000
"Ryan";"Sproul";23;"CAN";"DET";27;1;6;7;-8;"D";600000
"Jared";"Spurgeon";27;"CAN";"MIN";76;10;28;38;33;"D";4250000
"Eric";"Staal";32;"CAN";"MIN";82;28;37;65;17;"C";3500000
"Jordan";"Staal";28;"CAN";"CAR";75;16;29;45;-1;"C";6000000
"Marc";"Staal";29;"CAN";"NYR";72;3;7;10;9;"D";6000000
"Drew";"Stafford";31;"USA";"BOS/WPG";58;8;13;21;6;"RW";4350000
"Matt";"Stajan";33;"CAN";"CGY";81;6;17;23;3;"C";3000000
"Viktor";"Stalberg";30;"SWE";"CAR/OTT";75;11;5;16;-9;"LW";1500000
"Steven";"Stamkos";26;"CAN";"T.B";17;9;11;20;3;"C";9500000
"Paul";"Stastny";31;"USA";"STL";66;18;22;40;4;"C";7000000
"Troy";"Stecher";22;"CAN";"VAN";71;3;21;24;-16;"D";925000
"Alex";"Steen";32;"SWE";"STL";76;16;35;51;-2;"LW";6500000
"Lee";"Stempniak";33;"USA";"CAR";82;16;24;40;2;"RW";2500000
"Derek";"Stepan";26;"USA";"NYR";81;17;38;55;19;"C";8000000
"Chandler";"Stephenson";22;"CAN";"WSH";4;0;0;0;0;"C";842500
"Chris";"Stewart";29;"CAN";"MIN";79;13;8;21;3;"RW";1200000
"Karl";"Stollery";29;"CAN";"N.J";11;0;3;3;-5;"D";575000
"Mark";"Stone";24;"CAN";"OTT";71;22;32;54;12;"RW";3750000
"Michael";"Stone";26;"CAN";"ARI/CGY";64;3;12;15;0;"D";4000000
"Clayton";"Stoner";31;"CAN";"ANA";14;1;2;3;0;"D";3250000
"Brian";"Strait";28;"USA";"WPG";5;0;2;2;-1;"D";600000
"Anton";"Stralman";30;"SWE";"T.B";73;5;17;22;1;"D";4500000
"Ben";"Street";29;"CAN";"DET";6;0;1;1;1;"C";600000
"Mark";"Streit";39;"CHE";"PHI/PIT";68;6;21;27;-12;"D";4000000
"Dylan";"Strome";19;"CAN";"ARI";7;0;1;1;-5;"C";925000
"Ryan";"Strome";23;"CAN";"NYI";69;13;17;30;-8;"RW";2000000
"Mark";"Stuart";32;"USA";"WPG";42;2;2;4;4;"D";2700000
"P.K.";"Subban";27;"CAN";"NSH";66;10;30;40;-8;"D";11000000
"Oskar";"Sundqvist";22;"SWE";"PIT";10;0;0;0;-4;"C";792500
"Andrej";"Sustr";26;"CZE";"T.B";80;3;11;14;-10;"D";1600000
"Ryan";"Suter";31;"USA";"MIN";82;9;31;40;34;"D";9000000
"Brandon";"Sutter";27;"CAN";"VAN";81;17;17;34;-20;"C";4250000
"Evgeny";"Svechnikov";20;"RUS";"DET";2;0;0;0;0;"RW";925000
"Brandon";"Tanev";25;"CAN";"WPG";51;2;2;4;-6;"LW";874125
"Chris";"Tanev";27;"CAN";"VAN";53;2;8;10;3;"D";3500000
"Vladimir";"Tarasenko";25;"RUS";"STL";82;39;36;75;-1;"RW";8000000
"Tomas";"Tatar";26;"SVK";"DET";82;25;21;46;-8;"LW";2750000
"John";"Tavares";26;"CAN";"NYI";77;28;38;66;4;"C";6000000
"Matt";"Tennyson";26;"USA";"CAR";45;0;6;6;-13;"D";675000
"Teuvo";"Teravainen";22;"FIN";"CAR";81;15;27;42;-6;"LW";832500
"Chris";"Terry";27;"CAN";"MTL";14;2;2;4;-1;"LW";600000
"Shea";"Theodore";21;"CAN";"ANA";34;2;7;9;-6;"D";832500
"Nate";"Thompson";32;"USA";"ANA";30;1;1;2;4;"C";1700000
"Paul";"Thompson";28;"USA";"FLA";21;0;3;3;-4;"RW";575000
"Ben";"Thomson";23;"CAN";"N.J";3;0;0;0;-4;"LW";635000
"Chris";"Thorburn";33;"CAN";"WPG";64;3;1;4;-7;"RW";1200000
"Joe";"Thornton";37;"CAN";"S.J";79;7;43;50;7;"C";6750000
"Shawn";"Thornton";39;"CAN";"FLA";50;2;2;4;-7;"LW";NA
"Chris";"Tierney";22;"CAN";"S.J";80;11;12;23;0;"C";700000
"Matthew";"Tkachuk";19;"USA";"CGY";76;13;35;48;14;"LW";925000
"Jonathan";"Toews";28;"CAN";"CHI";72;21;37;58;7;"C";13800000
"Tyler";"Toffoli";24;"CAN";"L.A";63;16;18;34;6;"C";3900000
"Sergey";"Tolchinsky";21;"RUS";"CAR";2;0;1;1;0;"LW";575000
"Jordin";"Tootoo";33;"CAN";"CHI";50;2;1;3;-6;"RW";750000
"Vincent";"Trocheck";23;"USA";"FLA";82;23;31;54;-13;"C";3750000
"Corey";"Tropp";27;"USA";"ANA";1;0;0;0;-1;"RW";600000
"Jacob";"Trouba";22;"USA";"WPG";60;8;25;33;4;"D";2500000
"Nikita";"Tryamkin";22;"RUS";"VAN";66;2;7;9;-7;"D";925000
"Alex";"Tuch";20;"USA";"MIN";6;0;0;0;-3;"RW";925000
"Kyle";"Turris";27;"CAN";"OTT";78;27;28;55;-3;"C";4000000
"T.J.";"Tynan";24;"USA";"CBJ";3;0;0;0;-1;"C";600000
"Fedor";"Tyutin";33;"RUS";"COL";69;1;12;13;-25;"D";2000000
"Scottie";"Upshall";33;"CAN";"STL";73;10;8;18;-1;"RW";900000
"James";"van Riemsdyk";27;"USA";"TOR";82;29;33;62;-2;"LW";5000000
"Trevor";"van Riemsdyk";25;"USA";"CHI";58;5;11;16;17;"D";750000
"Chris";"VandeVelde";29;"USA";"PHI";81;6;9;15;-5;"C";725000
"Thomas";"Vanek";32;"AUT";"DET/FLA";68;17;31;48;-5;"LW";2600000
"Phil";"Varone";26;"CAN";"OTT";7;0;0;0;-3;"C";700000
"Sami";"Vatanen";25;"FIN";"ANA";71;3;21;24;3;"D";5000000
"Frank";"Vatrano";22;"USA";"BOS";44;10;8;18;-3;"C";792500
"Mike";"Vecchione";23;"USA";"PHI";2;0;0;0;-1;"C";925000
"Antoine";"Vermette";34;"CAN";"ANA";72;9;19;28;-7;"C";1750000
"Joel";"Vermin";24;"CHE";"T.B";18;0;3;3;2;"RW";575000
"Kris";"Versteeg";30;"CAN";"CGY";69;15;22;37;-3;"RW";950000
"Jimmy";"Vesey";23;"USA";"NYR";80;16;11;27;-13;"LW";925000
"Linden";"Vey";25;"CAN";"CGY";4;0;0;0;-2;"RW";700000
"Jake";"Virtanen";20;"CAN";"VAN";10;0;1;1;1;"RW";925000
"Marc-Edouard";"Vlasic";29;"CAN";"S.J";75;6;22;28;4;"D";4250000
"Jakub";"Voracek";27;"CZE";"PHI";82;20;41;61;-24;"RW";10000000
"Jakub";"Vrana";20;"CZE";"WSH";21;3;3;6;2;"LW";925000
"Radim";"Vrbata";35;"CZE";"ARI";81;20;35;55;-18;"RW";1000000
"Chris";"Wagner";25;"USA";"ANA";43;6;1;7;2;"C";625000
"Lucas";"Wallmark";21;"SWE";"CAR";8;0;2;2;1;"C";675000
"Joel";"Ward";36;"CAN";"S.J";78;10;19;29;-2;"RW";3275000
"David";"Warsofsky";26;"USA";"PIT";7;0;1;1;-3;"D";575000
"Austin";"Watson";24;"USA";"NSH";77;5;12;17;14;"LW";575000
"Jordan";"Weal";24;"CAN";"PHI";23;8;4;12;5;"C";650000
"Shea";"Weber";31;"CAN";"MTL";78;17;25;42;20;"D";12000000
"Yannick";"Weber";28;"CHE";"NSH";73;1;7;8;1;"D";575000
"Mackenzie";"Weegar";22;"CAN";"FLA";3;0;0;0;0;"D";705000
"Dale";"Weise";28;"CAN";"PHI";64;8;7;15;1;"RW";2750000
"Alex";"Wennberg";22;"SWE";"CBJ";80;13;46;59;9;"C";925000
"Zach";"Werenski";19;"USA";"CBJ";78;11;36;47;17;"D";925000
"Blake";"Wheeler";30;"USA";"WPG";82;26;48;74;6;"RW";5800000
"Colin";"White";19;"USA";"OTT";2;0;0;0;0;"C";925000
"Ryan";"White";28;"CAN";"ARI/MIN";65;9;7;16;-16;"C";1000000
"Chris";"Wideman";26;"USA";"OTT";76;5;12;17;7;"D";800000
"Dennis";"Wideman";33;"CAN";"CGY";57;5;13;18;-6;"D";6000000
"Patrick";"Wiercioch";26;"CAN";"COL";57;4;8;12;-18;"D";800000
"Justin";"Williams";35;"CAN";"WSH";80;24;24;48;14;"RW";3250000
"Colin";"Wilson";27;"USA";"NSH";70;12;23;35;7;"LW";4000000
"Scott";"Wilson";24;"CAN";"PIT";78;8;18;26;0;"LW";590000
"Tom";"Wilson";22;"CAN";"WSH";82;7;12;19;9;"RW";1750000
"Tommy";"Wingels";28;"USA";"OTT/S.J";73;7;5;12;-11;"C";2600000
"Daniel";"Winnik";31;"CAN";"WSH";72;12;13;25;15;"LW";1800000
"Luke";"Witkowski";26;"USA";"T.B";34;0;4;4;-1;"D";575000
"Miles";"Wood";21;"USA";"N.J";60;8;9;17;-21;"LW";925000
"Tyler";"Wotherspoon";23;"CAN";"CGY";4;0;0;0;-2;"D";625000
"Nail";"Yakupov";23;"RUS";"STL";40;3;6;9;-3;"RW";2500000
"Keith";"Yandle";30;"USA";"FLA";82;5;36;41;-6;"D";7500000
"Pavel";"Zacha";19;"CZE";"N.J";70;8;16;24;-17;"C";925000
"Nikita";"Zadorov";21;"RUS";"COL";56;0;10;10;-20;"D";832500
"Nikita";"Zaitsev";25;"RUS";"TOR";82;4;32;36;-22;"D";925000
"Travis";"Zajac";31;"CAN";"N.J";80;14;31;45;-8;"C";6500000
"Michael";"Zalewski";24;"USA";"VAN";1;0;0;0;-1;"LW";632500
"Henrik";"Zetterberg";36;"SWE";"DET";82;17;51;68;15;"LW";7500000
"Mika";"Zibanejad";23;"SWE";"NYR";56;14;23;37;9;"C";3250000
"Harry";"Zolnierczyk";29;"CAN";"NSH";24;2;2;4;-2;"LW";575000
"Mats";"Zuccarello";29;"NOR";"NYR";80;15;44;59;15;"RW";4500000
"Jason";"Zucker";24;"USA";"MIN";79;22;25;47;34;"LW";2000000
"Valentin";"Zykov";21;"RUS";"CAR";2;1;0;1;1;"LW";727500
